timestamp,category,channel_id,channel_handle,video_id,view_count,like_count,comment_count,subscriber_count
2025-05-31 17:14,Entertainment,UCUj6rrhMTR9pipbAWBAMvUQ,@ChimChakMan_Official,gc5JJ5U20qI,6750,169,21,2820000
2025-05-31 17:14,Entertainment,UCUj6rrhMTR9pipbAWBAMvUQ,@ChimChakMan_Official,SQSD3Udfbms,287433,3684,484,2820000
2025-05-31 17:14,Entertainment,UCUj6rrhMTR9pipbAWBAMvUQ,@ChimChakMan_Official,vFo-mlDDeZU,192891,3069,84,2820000
2025-05-31 17:14,Entertainment,UCUj6rrhMTR9pipbAWBAMvUQ,@ChimChakMan_Official,mCyRrs9-uVg,394448,4427,981,2820000
2025-05-31 17:14,Entertainment,UCUj6rrhMTR9pipbAWBAMvUQ,@ChimChakMan_Official,f-MUiV3t12o,330702,3829,182,2820000
2025-05-31 17:14,Entertainment,UCUj6rrhMTR9pipbAWBAMvUQ,@ChimChakMan_Official,jFnqv3nq778,588423,10456,1134,2820000
2025-05-31 17:14,Entertainment,UCUj6rrhMTR9pipbAWBAMvUQ,@ChimChakMan_Official,Leo9VKXKBzg,549569,7723,361,2820000
2025-05-31 17:14,Entertainment,UCUj6rrhMTR9pipbAWBAMvUQ,@ChimChakMan_Official,uqNAYYTNJq8,399328,4331,712,2820000
2025-05-31 17:14,Entertainment,UCUj6rrhMTR9pipbAWBAMvUQ,@ChimChakMan_Official,kSqvA9_2rVI,2687544,31382,418,2820000
2025-05-31 17:14,Entertainment,UCUj6rrhMTR9pipbAWBAMvUQ,@ChimChakMan_Official,zqDM2UXSaIY,498745,6519,416,2820000
2025-05-31 17:14,Entertainment,UCoC-ZGuPCvJJrbcz9eMW8zw,@GABEEGIRL,yUZrJUCyAoE,18445,548,15,906000
2025-05-31 17:14,Entertainment,UCoC-ZGuPCvJJrbcz9eMW8zw,@GABEEGIRL,HqzIDWRzYYg,90509,2593,31,906000
2025-05-31 17:14,Entertainment,UCoC-ZGuPCvJJrbcz9eMW8zw,@GABEEGIRL,0H8Vsc-yHb4,87067,3332,56,906000
2025-05-31 17:14,Entertainment,UCoC-ZGuPCvJJrbcz9eMW8zw,@GABEEGIRL,0I7iDfE9ppA,32629,1125,19,906000
2025-05-31 17:14,Entertainment,UCoC-ZGuPCvJJrbcz9eMW8zw,@GABEEGIRL,0OHf8KxGLow,279789,8095,745,906000
2025-05-31 17:14,Entertainment,UCoC-ZGuPCvJJrbcz9eMW8zw,@GABEEGIRL,WV4dLwKJrTQ,492601,6791,51,906000
2025-05-31 17:14,Entertainment,UCoC-ZGuPCvJJrbcz9eMW8zw,@GABEEGIRL,a7cKhHnEcCE,303112,3814,37,906000
2025-05-31 17:14,Entertainment,UCoC-ZGuPCvJJrbcz9eMW8zw,@GABEEGIRL,er5uRCS9zGw,1800851,32195,265,906000
2025-05-31 17:14,Entertainment,UCoC-ZGuPCvJJrbcz9eMW8zw,@GABEEGIRL,NsbG5khnwx4,992530,17251,163,906000
2025-05-31 17:14,Entertainment,UCoC-ZGuPCvJJrbcz9eMW8zw,@GABEEGIRL,PVL-jPouvrU,964306,21618,194,906000
2025-05-31 17:14,Entertainment,UCu9BCtGIEr73LXZsKmoujKw,@bokyemtv,ZZL2mWnjcuA,725245,19391,1781,15800000
2025-05-31 17:14,Entertainment,UCu9BCtGIEr73LXZsKmoujKw,@bokyemtv,APtFRlvvpiU,2516318,53758,13437,15800000
2025-05-31 17:14,Entertainment,UCu9BCtGIEr73LXZsKmoujKw,@bokyemtv,UXab36aBjoE,1972324,42439,13721,15800000
2025-05-31 17:14,Entertainment,UCyNHdF4hMxHUFSsPbY24p6A,@미미미누,Of1ziSMtrNk,3491,86,3,1820000
2025-05-31 17:14,Entertainment,UCyNHdF4hMxHUFSsPbY24p6A,@미미미누,VJogDDNNm5s,20573,213,4,1820000
2025-05-31 17:14,Entertainment,UCyNHdF4hMxHUFSsPbY24p6A,@미미미누,KZqHqlmvcSI,96048,1622,54,1820000
2025-05-31 17:14,Entertainment,UCyNHdF4hMxHUFSsPbY24p6A,@미미미누,dubqoftl-88,83539,989,36,1820000
2025-05-31 17:14,Entertainment,UCyNHdF4hMxHUFSsPbY24p6A,@미미미누,cPG0FBv161w,93529,1241,22,1820000
2025-05-31 17:14,Entertainment,UCyNHdF4hMxHUFSsPbY24p6A,@미미미누,7vvTgoB5YMY,36137,242,9,1820000
2025-05-31 17:14,Entertainment,UCyNHdF4hMxHUFSsPbY24p6A,@미미미누,X_AWJcPzY_0,142605,1609,137,1820000
2025-05-31 17:14,Entertainment,UCyNHdF4hMxHUFSsPbY24p6A,@미미미누,OxD1pjd3vkA,28486,266,4,1820000
2025-05-31 17:14,Entertainment,UCyNHdF4hMxHUFSsPbY24p6A,@미미미누,XCxEA1VzBtg,24206,245,6,1820000
2025-05-31 17:14,Entertainment,UCyNHdF4hMxHUFSsPbY24p6A,@미미미누,31KVFLVH3Ok,25977,262,5,1820000
2025-05-31 17:14,Entertainment,UCQ2O-iftmnlfrBuNsUUTofQ,@15ya_egg,mAcLX2fqx6A,6322,295,22,7020000
2025-05-31 17:14,Entertainment,UCQ2O-iftmnlfrBuNsUUTofQ,@15ya_egg,IWrEv5RFnKM,62374,3052,307,7020000
2025-05-31 17:14,Entertainment,UCQ2O-iftmnlfrBuNsUUTofQ,@15ya_egg,iUnWP0eONYs,35459,784,7,7020000
2025-05-31 17:14,Entertainment,UCQ2O-iftmnlfrBuNsUUTofQ,@15ya_egg,WgpFlNVaOOk,48590,1093,11,7020000
2025-05-31 17:14,Entertainment,UCQ2O-iftmnlfrBuNsUUTofQ,@15ya_egg,dcXn0vRqh0E,22229,1005,11,7020000
2025-05-31 17:14,Entertainment,UCQ2O-iftmnlfrBuNsUUTofQ,@15ya_egg,a1yJbt2QRjg,62103,1268,11,7020000
2025-05-31 17:14,Entertainment,UCQ2O-iftmnlfrBuNsUUTofQ,@15ya_egg,9439IHVy-9A,57618,747,41,7020000
2025-05-31 17:14,Entertainment,UCQ2O-iftmnlfrBuNsUUTofQ,@15ya_egg,GlZG257zj_k,32359,279,8,7020000
2025-05-31 17:14,Entertainment,UCQ2O-iftmnlfrBuNsUUTofQ,@15ya_egg,WZBtXGuBO1U,58730,481,10,7020000
2025-05-31 17:14,Entertainment,UCQ2O-iftmnlfrBuNsUUTofQ,@15ya_egg,glUljD0SQzM,32408,380,7,7020000
2025-05-31 17:14,Gaming,UCw1DsweY9b2AKGjV4kGJP1A,@LCK,JUM6vPhwkv8,961,0,17,1530000
2025-05-31 17:14,Gaming,UCw1DsweY9b2AKGjV4kGJP1A,@LCK,9UI3wWjqlWk,6802,0,38,1530000
2025-05-31 17:14,Gaming,UCw1DsweY9b2AKGjV4kGJP1A,@LCK,XOU1yDZp4gc,7820,0,26,1530000
2025-05-31 17:14,Gaming,UCw1DsweY9b2AKGjV4kGJP1A,@LCK,FBD2KQwoU3o,85905,0,147,1530000
2025-05-31 17:14,Gaming,UCw1DsweY9b2AKGjV4kGJP1A,@LCK,ZeHA2cfd9r0,5218,0,32,1530000
2025-05-31 17:14,Gaming,UCw1DsweY9b2AKGjV4kGJP1A,@LCK,p8D_PgNClt4,60194,0,27,1530000
2025-05-31 17:14,Gaming,UCw1DsweY9b2AKGjV4kGJP1A,@LCK,D9FUVkcYUKQ,1882605,0,52,1530000
2025-05-31 17:14,Gaming,UCw1DsweY9b2AKGjV4kGJP1A,@LCK,H1WHWEkt2ik,29103,0,30,1530000
2025-05-31 17:14,Gaming,UCw1DsweY9b2AKGjV4kGJP1A,@LCK,1wbuw9S9LLc,8005,0,55,1530000
2025-05-31 17:14,Gaming,UCw1DsweY9b2AKGjV4kGJP1A,@LCK,ShBURVwFYog,42358,0,121,1530000
2025-05-31 17:14,Gaming,UCfm0AXrDy-35i8BJc3WUpUg,@GH.S,cNPUzC4YwuQ,418,7,4,29
2025-05-31 17:14,Gaming,UCfm0AXrDy-35i8BJc3WUpUg,@GH.S,EdiR1MKxaUc,1090,4,0,29
2025-05-31 17:14,Gaming,UCfm0AXrDy-35i8BJc3WUpUg,@GH.S,S3upfRoOOfU,130,4,0,29
2025-05-31 17:14,Gaming,UCfm0AXrDy-35i8BJc3WUpUg,@GH.S,L4eBavX03DU,123,6,0,29
2025-05-31 17:14,Gaming,UCfm0AXrDy-35i8BJc3WUpUg,@GH.S,emfSgWeqEiM,124,5,1,29
2025-05-31 17:14,Gaming,UCfm0AXrDy-35i8BJc3WUpUg,@GH.S,gPwxLlrTnCE,276,11,0,29
2025-05-31 17:14,Gaming,UCfm0AXrDy-35i8BJc3WUpUg,@GH.S,5pzzdjwGEbk,144,10,4,29
2025-05-31 17:14,Gaming,UCfm0AXrDy-35i8BJc3WUpUg,@GH.S,cCV4o_EVPDg,366,10,1,29
2025-05-31 17:14,Gaming,UCfm0AXrDy-35i8BJc3WUpUg,@GH.S,PRgSc6aoCaE,213,8,3,29
2025-05-31 17:14,Gaming,UCfm0AXrDy-35i8BJc3WUpUg,@GH.S,L4K21TURMO8,4239,34,27,29
2025-05-31 17:14,Gaming,UCl402YYy7RcH7PBI3npmGPQ,@두치와뿌꾸,-B8qBvFJQj4,74858,715,256,865000
2025-05-31 17:14,Gaming,UCl402YYy7RcH7PBI3npmGPQ,@두치와뿌꾸,A9vjKzdNGWk,69417,410,99,865000
2025-05-31 17:14,Gaming,UCl402YYy7RcH7PBI3npmGPQ,@두치와뿌꾸,d4iCyS1WuUE,103850,751,230,865000
2025-05-31 17:14,Gaming,UCl402YYy7RcH7PBI3npmGPQ,@두치와뿌꾸,3aQ77W4KkbQ,40269,262,86,865000
2025-05-31 17:14,Gaming,UCl402YYy7RcH7PBI3npmGPQ,@두치와뿌꾸,Wc_wo-g642g,134253,947,197,865000
2025-05-31 17:14,Gaming,UCl402YYy7RcH7PBI3npmGPQ,@두치와뿌꾸,FeQRiypAPbs,148591,839,128,865000
2025-05-31 17:14,Gaming,UCl402YYy7RcH7PBI3npmGPQ,@두치와뿌꾸,vL9hFPYG2V0,89284,480,125,865000
2025-05-31 17:14,Gaming,UCl402YYy7RcH7PBI3npmGPQ,@두치와뿌꾸,EEPpsz3L4wI,176846,936,266,865000
2025-05-31 17:14,Gaming,UCl402YYy7RcH7PBI3npmGPQ,@두치와뿌꾸,UeKB9DV9LkA,122075,661,180,865000
2025-05-31 17:14,Gaming,UCl402YYy7RcH7PBI3npmGPQ,@두치와뿌꾸,cb0pwvXuixs,148164,858,192,865000
2025-05-31 17:14,Gaming,UCSzHok6X5qXEO7cjvVnE62g,@pray94,Eb5vX1yl6qg,607,12,5,657000
2025-05-31 17:14,Gaming,UCSzHok6X5qXEO7cjvVnE62g,@pray94,ao5NYMdeoRo,82049,769,22,657000
2025-05-31 17:14,Gaming,UCSzHok6X5qXEO7cjvVnE62g,@pray94,Z7IjwqINKJ4,68947,328,47,657000
2025-05-31 17:14,Gaming,UCSzHok6X5qXEO7cjvVnE62g,@pray94,TIUaGlH5LnI,33285,199,32,657000
2025-05-31 17:14,Gaming,UCSzHok6X5qXEO7cjvVnE62g,@pray94,bBXHDnpl96w,250669,3010,52,657000
2025-05-31 17:14,Gaming,UCSzHok6X5qXEO7cjvVnE62g,@pray94,vZT9jEgqsxA,23590,146,21,657000
2025-05-31 17:14,Gaming,UCSzHok6X5qXEO7cjvVnE62g,@pray94,Epc-rhBxuDs,54407,280,35,657000
2025-05-31 17:14,Gaming,UCSzHok6X5qXEO7cjvVnE62g,@pray94,4nPrUgcouq4,196068,1391,50,657000
2025-05-31 17:14,Gaming,UCSzHok6X5qXEO7cjvVnE62g,@pray94,8zauDSsIOQo,37061,206,23,657000
2025-05-31 17:14,Gaming,UCSzHok6X5qXEO7cjvVnE62g,@pray94,TbaaiHxAfq8,29065,158,22,657000
2025-05-31 17:14,Gaming,UCN5oT4zGJX-_H6pE5isAEeg,@군림보,w50WUGjwGHU,12967,450,24,1460000
2025-05-31 17:14,Gaming,UCN5oT4zGJX-_H6pE5isAEeg,@군림보,-CzpXC825Qs,48151,1204,82,1460000
2025-05-31 17:14,Gaming,UCN5oT4zGJX-_H6pE5isAEeg,@군림보,fS88ClUxg60,496968,7324,1045,1460000
2025-05-31 17:14,Gaming,UCN5oT4zGJX-_H6pE5isAEeg,@군림보,zPVOcMNTe08,318355,3837,418,1460000
2025-05-31 17:14,Gaming,UCN5oT4zGJX-_H6pE5isAEeg,@군림보,4AYmVSDt0fw,73038,1092,46,1460000
2025-05-31 17:14,Gaming,UCN5oT4zGJX-_H6pE5isAEeg,@군림보,1dKPU6PXE6Y,317734,6245,622,1460000
2025-05-31 17:14,Gaming,UCN5oT4zGJX-_H6pE5isAEeg,@군림보,3lYbuZzcwmk,441838,6034,822,1460000
2025-05-31 17:14,Gaming,UCN5oT4zGJX-_H6pE5isAEeg,@군림보,jpa-ZTtJV_4,452848,7021,381,1460000
2025-05-31 17:14,Gaming,UCN5oT4zGJX-_H6pE5isAEeg,@군림보,2tg5KiaTJRw,591161,6632,428,1460000
2025-05-31 17:14,Gaming,UCN5oT4zGJX-_H6pE5isAEeg,@군림보,X-0ahPOxUH4,962563,13549,1160,1460000
2025-05-31 17:14,Science,UCj-MI9DaXgAz412O9ybQ9WA,@이과형,7Ma9RodiBrI,203140,3350,193,611000
2025-05-31 17:14,Science,UCj-MI9DaXgAz412O9ybQ9WA,@이과형,TN6WgOR-R-Q,47833,560,50,611000
2025-05-31 17:14,Science,UCj-MI9DaXgAz412O9ybQ9WA,@이과형,X2NdiuXRdoM,103852,1018,87,611000
2025-05-31 17:14,Science,UCj-MI9DaXgAz412O9ybQ9WA,@이과형,2RudjJaBeco,139231,1258,84,611000
2025-05-31 17:14,Science,UCj-MI9DaXgAz412O9ybQ9WA,@이과형,i7ms1N_33AM,33565,425,52,611000
2025-05-31 17:14,Science,UCj-MI9DaXgAz412O9ybQ9WA,@이과형,aTa1iaNfW9U,196929,2650,154,611000
2025-05-31 17:14,Science,UCj-MI9DaXgAz412O9ybQ9WA,@이과형,QQa5TBMlHow,340961,5192,467,611000
2025-05-31 17:14,Science,UCj-MI9DaXgAz412O9ybQ9WA,@이과형,CMjSWOOwWNY,364019,9779,778,611000
2025-05-31 17:14,Science,UCj-MI9DaXgAz412O9ybQ9WA,@이과형,SLF-iRjwZik,131410,3142,100,611000
2025-05-31 17:14,Science,UCj-MI9DaXgAz412O9ybQ9WA,@이과형,WjyADV2nq9c,348911,8001,274,611000
2025-05-31 17:14,Science,UCwajXTjsIZsXrZkfVk_uY9w,@scoopknowledge,fiEGm-U0RIs,267,11,0,26
2025-05-31 17:14,Science,UCwajXTjsIZsXrZkfVk_uY9w,@scoopknowledge,jKlZgzG-XDM,71,4,0,26
2025-05-31 17:14,Science,UCwajXTjsIZsXrZkfVk_uY9w,@scoopknowledge,L2Rdz01c28c,63,4,0,26
2025-05-31 17:14,Science,UCwajXTjsIZsXrZkfVk_uY9w,@scoopknowledge,KdsluhPJYb0,108,8,0,26
2025-05-31 17:14,Science,UCSLrpBAzr-ROVGHQ5EmxnUg,@codingapple,6kug2Lmlbiw,170575,4292,363,371000
2025-05-31 17:14,Science,UCSLrpBAzr-ROVGHQ5EmxnUg,@codingapple,IYAHieM4iZE,228380,5423,826,371000
2025-05-31 17:14,Science,UCSLrpBAzr-ROVGHQ5EmxnUg,@codingapple,udDmL5UkI5s,474960,8678,422,371000
2025-05-31 17:14,Science,UCSLrpBAzr-ROVGHQ5EmxnUg,@codingapple,r7kU1OoUEQg,299824,3689,85,371000
2025-05-31 17:14,Science,UCSLrpBAzr-ROVGHQ5EmxnUg,@codingapple,qiVMK3luOV8,96169,2321,263,371000
2025-05-31 17:14,Science,UCSLrpBAzr-ROVGHQ5EmxnUg,@codingapple,4Xze-DEGN7c,199642,5204,639,371000
2025-05-31 17:14,Science,UCSLrpBAzr-ROVGHQ5EmxnUg,@codingapple,KZwV6dOfNuE,184754,4191,327,371000
2025-05-31 17:14,Science,UCSLrpBAzr-ROVGHQ5EmxnUg,@codingapple,l31iJI3XnlE,340385,4713,278,371000
2025-05-31 17:14,Science,UCSLrpBAzr-ROVGHQ5EmxnUg,@codingapple,K4gXtzmXt8k,405642,4645,289,371000
2025-05-31 17:14,Science,UCSLrpBAzr-ROVGHQ5EmxnUg,@codingapple,LJqa1sJoDe0,205248,3863,473,371000
2025-05-31 17:14,Science,UCiFYUP4_TI70yCkkVJAlxoA,@ebs.science - 사이언스,Ka8vLAM9bK0,2027,60,0,1120000
2025-05-31 17:14,Science,UCiFYUP4_TI70yCkkVJAlxoA,@ebs.science - 사이언스,Esnrkrse26o,5339,120,18,1120000
2025-05-31 17:14,Science,UCiFYUP4_TI70yCkkVJAlxoA,@ebs.science - 사이언스,7Z3zh-mwztM,40836,290,4,1120000
2025-05-31 17:14,Science,UCiFYUP4_TI70yCkkVJAlxoA,@ebs.science - 사이언스,LN1hr80NyX4,300623,5164,446,1120000
2025-05-31 17:14,Science,UCZdBJIbJz0P9xyFipgOj1fA,@YTNSC,9bKu3SZuXRQ,2478,43,0,784000
2025-05-31 17:14,Science,UCZdBJIbJz0P9xyFipgOj1fA,@YTNSC,ug3mJZBZCN8,6220,92,1,784000
2025-05-31 17:14,Science,UCZdBJIbJz0P9xyFipgOj1fA,@YTNSC,8fDKFjGanUQ,1700,13,1,784000
2025-05-31 17:14,Science,UCZdBJIbJz0P9xyFipgOj1fA,@YTNSC,PSIhESoB3p0,1945,30,0,784000
2025-05-31 17:14,Science,UCZdBJIbJz0P9xyFipgOj1fA,@YTNSC,tARNO2mn-gI,1593,15,2,784000
2025-05-31 17:14,Science,UCZdBJIbJz0P9xyFipgOj1fA,@YTNSC,19NWBJNOfKU,7084,27,0,784000
2025-05-31 17:14,Science,UCZdBJIbJz0P9xyFipgOj1fA,@YTNSC,W_GRvU9uljo,3253,40,0,784000
2025-05-31 17:14,Science,UCZdBJIbJz0P9xyFipgOj1fA,@YTNSC,Tg3kQ7Xi1Zg,3653,42,3,784000
2025-05-31 17:14,Science,UCZdBJIbJz0P9xyFipgOj1fA,@YTNSC,3KW4E9R1Fo0,342,9,4,784000
2025-05-31 17:14,Science,UCZdBJIbJz0P9xyFipgOj1fA,@YTNSC,rUHgO7L-FV8,6007,28,0,784000
2025-05-31 17:14,Pet,UCuKbAWuSG9F_UEF2Xngbq0A,@miso_ara,iEUypnw3flc,43900,1880,65,4440000
2025-05-31 17:14,Pet,UCuKbAWuSG9F_UEF2Xngbq0A,@miso_ara,UchXoYpMWc8,80956,1768,56,4440000
2025-05-31 17:14,Pet,UCuKbAWuSG9F_UEF2Xngbq0A,@miso_ara,dJy7j2FvFSI,27094,1034,55,4440000
2025-05-31 17:14,Pet,UCuKbAWuSG9F_UEF2Xngbq0A,@miso_ara,rUuQ8kgLNlg,27036,1259,93,4440000
2025-05-31 17:14,Pet,UCuKbAWuSG9F_UEF2Xngbq0A,@miso_ara,wQs6cD4yY88,196326,5401,137,4440000
2025-05-31 17:14,Pet,UCuKbAWuSG9F_UEF2Xngbq0A,@miso_ara,5QEmfOy7zVA,80702,2348,57,4440000
2025-05-31 17:14,Pet,UCuKbAWuSG9F_UEF2Xngbq0A,@miso_ara,C3TimTwxWGI,169738,3393,79,4440000
2025-05-31 17:14,Pet,UCuKbAWuSG9F_UEF2Xngbq0A,@miso_ara,kr_lzAz-ujA,128297,2705,58,4440000
2025-05-31 17:14,Pet,UCuKbAWuSG9F_UEF2Xngbq0A,@miso_ara,AMAgfT7OsT0,30698,877,85,4440000
2025-05-31 17:14,Pet,UCuKbAWuSG9F_UEF2Xngbq0A,@miso_ara,TvymuJrYqMU,133960,2882,64,4440000
2025-05-31 17:14,Pet,UCee1MvXr6E8qC_d2WEYTU5g,@Bodeumofficial,m03ppvsCfno,30350,2002,133,2130000
2025-05-31 17:14,Pet,UCee1MvXr6E8qC_d2WEYTU5g,@Bodeumofficial,jCfk80HlJjs,40215,1023,12,2130000
2025-05-31 17:14,Pet,UCee1MvXr6E8qC_d2WEYTU5g,@Bodeumofficial,q7c3r_RPkjc,137026,2220,64,2130000
2025-05-31 17:14,Pet,UCee1MvXr6E8qC_d2WEYTU5g,@Bodeumofficial,ZbyZZ17JA8Q,43184,847,7,2130000
2025-05-31 17:14,Pet,UCee1MvXr6E8qC_d2WEYTU5g,@Bodeumofficial,HfeoPM0C5-Y,446965,7413,419,2130000
2025-05-31 17:14,Pet,UCee1MvXr6E8qC_d2WEYTU5g,@Bodeumofficial,e2B_dWEq7sM,848699,12462,258,2130000
2025-05-31 17:14,Pet,UCee1MvXr6E8qC_d2WEYTU5g,@Bodeumofficial,IiS_e0foFX8,65562,900,26,2130000
2025-05-31 17:14,Pet,UCee1MvXr6E8qC_d2WEYTU5g,@Bodeumofficial,49LiYX6yCdE,253886,5467,208,2130000
2025-05-31 17:14,Pet,UCee1MvXr6E8qC_d2WEYTU5g,@Bodeumofficial,tcsrIOfeYo8,151038,2080,40,2130000
2025-05-31 17:14,Pet,UCee1MvXr6E8qC_d2WEYTU5g,@Bodeumofficial,uLNsCFMoaR0,114942,2379,48,2130000
2025-05-31 17:14,Pet,UC0zVOxvxiFlvelR59C_sUzQ,@oneroomcat,ovQsh6x9jJs,1022,264,37,130000
2025-05-31 17:14,Pet,UC0zVOxvxiFlvelR59C_sUzQ,@oneroomcat,VpK0j4_neMQ,3168247,61851,965,130000
2025-05-31 17:14,Pet,UC0zVOxvxiFlvelR59C_sUzQ,@oneroomcat,kY0qjQBPyek,40270,2754,130,130000
2025-05-31 17:14,Pet,UC0zVOxvxiFlvelR59C_sUzQ,@oneroomcat,FlsnhFYc-58,124675,3054,41,130000
2025-05-31 17:14,Pet,UC0zVOxvxiFlvelR59C_sUzQ,@oneroomcat,xWb4-hQsT4M,161958,7204,533,130000
2025-05-31 17:14,Pet,UC0zVOxvxiFlvelR59C_sUzQ,@oneroomcat,bYRNDNoxqsE,78332,4381,221,130000
2025-05-31 17:14,Pet,UC0zVOxvxiFlvelR59C_sUzQ,@oneroomcat,FidRi7IeACw,228681,4378,65,130000
2025-05-31 17:14,Pet,UC0zVOxvxiFlvelR59C_sUzQ,@oneroomcat,1NIqBn1gZeY,64830,3575,250,130000
2025-05-31 17:14,Pet,UC0zVOxvxiFlvelR59C_sUzQ,@oneroomcat,n7rwml-zW5Y,1844810,22698,733,130000
2025-05-31 17:14,Pet,UC0zVOxvxiFlvelR59C_sUzQ,@oneroomcat,ITRaXyk-67E,278735,10525,141,130000
2025-05-31 17:14,Pet,UC5AAf4_zZxk-mCl46TogZQQ,@meow_dad,2VfRyg2TCss,44176,1817,23,1040000
2025-05-31 17:14,Pet,UC5AAf4_zZxk-mCl46TogZQQ,@meow_dad,PDQBlN8PnsI,71874,2116,58,1040000
2025-05-31 17:14,Pet,UC5AAf4_zZxk-mCl46TogZQQ,@meow_dad,Rr4DWrRE3Dk,76259,1709,116,1040000
2025-05-31 17:14,Pet,UC5AAf4_zZxk-mCl46TogZQQ,@meow_dad,B40RyxKD9Wo,190446,3961,86,1040000
2025-05-31 17:14,Pet,UC5AAf4_zZxk-mCl46TogZQQ,@meow_dad,vyJlBZlF4Kg,284563,5870,149,1040000
2025-05-31 17:14,Pet,UC5AAf4_zZxk-mCl46TogZQQ,@meow_dad,Gt_wAwvvQo4,303593,10358,122,1040000
2025-05-31 17:14,Pet,UC5AAf4_zZxk-mCl46TogZQQ,@meow_dad,esTGB59nQx8,724915,21843,442,1040000
2025-05-31 17:14,Pet,UC5AAf4_zZxk-mCl46TogZQQ,@meow_dad,i59l2uzFZBg,897613,13100,148,1040000
2025-05-31 17:14,Pet,UC5AAf4_zZxk-mCl46TogZQQ,@meow_dad,0HzXiaR0nbg,92279,2190,216,1040000
2025-05-31 17:14,Pet,UC5AAf4_zZxk-mCl46TogZQQ,@meow_dad,3FfdnpNZPnY,1558083,38904,1013,1040000
2025-05-31 17:14,Pet,UCVvPi6vztLioOiuEg5JYavw,@timon_sns,WcznsWODtjM,33425,1791,54,404000
2025-05-31 17:14,Pet,UCVvPi6vztLioOiuEg5JYavw,@timon_sns,DGKD0LLzMLM,53529,3133,99,404000
2025-05-31 17:14,Pet,UCVvPi6vztLioOiuEg5JYavw,@timon_sns,xdh_sSnN2Hs,73365,3166,83,404000
2025-05-31 17:14,Pet,UCVvPi6vztLioOiuEg5JYavw,@timon_sns,GiaVQnXRXBg,368694,16105,1854,404000
2025-05-31 17:14,Pet,UCVvPi6vztLioOiuEg5JYavw,@timon_sns,8AnDn2I9LnU,200222,9971,407,404000
2025-05-31 17:14,Pet,UCVvPi6vztLioOiuEg5JYavw,@timon_sns,37-UWih5grg,112429,4798,125,404000
2025-05-31 17:14,Pet,UCVvPi6vztLioOiuEg5JYavw,@timon_sns,qM7y6Z3Ygpo,1249246,19478,975,404000
2025-05-31 17:14,Pet,UCVvPi6vztLioOiuEg5JYavw,@timon_sns,bpwPM6b0suI,349907,4605,17,404000
2025-05-31 17:14,Pet,UCVvPi6vztLioOiuEg5JYavw,@timon_sns,dEXlRnbcxUU,118409,4374,74,404000
2025-05-31 17:14,Pet,UCVvPi6vztLioOiuEg5JYavw,@timon_sns,fb5_T-IZ3-U,116072,4305,72,404000
2025-06-01 01:11,Entertainment,UCUj6rrhMTR9pipbAWBAMvUQ,@ChimChakMan_Official,YjjqlQXcWn8,115308,2177,152,2820000
2025-06-01 01:11,Entertainment,UCUj6rrhMTR9pipbAWBAMvUQ,@ChimChakMan_Official,gc5JJ5U20qI,237784,3376,109,2820000
2025-06-01 01:11,Entertainment,UCUj6rrhMTR9pipbAWBAMvUQ,@ChimChakMan_Official,SQSD3Udfbms,331536,4018,507,2820000
2025-06-01 01:11,Entertainment,UCUj6rrhMTR9pipbAWBAMvUQ,@ChimChakMan_Official,vFo-mlDDeZU,211628,3240,90,2820000
2025-06-01 01:11,Entertainment,UCUj6rrhMTR9pipbAWBAMvUQ,@ChimChakMan_Official,mCyRrs9-uVg,410785,4556,993,2820000
2025-06-01 01:11,Entertainment,UCUj6rrhMTR9pipbAWBAMvUQ,@ChimChakMan_Official,f-MUiV3t12o,346020,3953,186,2820000
2025-06-01 01:11,Entertainment,UCUj6rrhMTR9pipbAWBAMvUQ,@ChimChakMan_Official,jFnqv3nq778,611981,10745,1151,2820000
2025-06-01 01:11,Entertainment,UCUj6rrhMTR9pipbAWBAMvUQ,@ChimChakMan_Official,Leo9VKXKBzg,554349,7778,362,2820000
2025-06-01 01:11,Entertainment,UCUj6rrhMTR9pipbAWBAMvUQ,@ChimChakMan_Official,uqNAYYTNJq8,403533,4354,712,2820000
2025-06-01 01:11,Entertainment,UCUj6rrhMTR9pipbAWBAMvUQ,@ChimChakMan_Official,kSqvA9_2rVI,2763312,32519,421,2820000
2025-06-01 01:11,Entertainment,UCoC-ZGuPCvJJrbcz9eMW8zw,@GABEEGIRL,yUZrJUCyAoE,44296,1116,23,907000
2025-06-01 01:11,Entertainment,UCoC-ZGuPCvJJrbcz9eMW8zw,@GABEEGIRL,HqzIDWRzYYg,216710,5027,49,907000
2025-06-01 01:11,Entertainment,UCoC-ZGuPCvJJrbcz9eMW8zw,@GABEEGIRL,0H8Vsc-yHb4,259538,8330,85,907000
2025-06-01 01:11,Entertainment,UCoC-ZGuPCvJJrbcz9eMW8zw,@GABEEGIRL,0I7iDfE9ppA,93114,2815,37,907000
2025-06-01 01:11,Entertainment,UCoC-ZGuPCvJJrbcz9eMW8zw,@GABEEGIRL,0OHf8KxGLow,320668,8989,803,907000
2025-06-01 01:11,Entertainment,UCoC-ZGuPCvJJrbcz9eMW8zw,@GABEEGIRL,WV4dLwKJrTQ,499484,6874,51,907000
2025-06-01 01:11,Entertainment,UCoC-ZGuPCvJJrbcz9eMW8zw,@GABEEGIRL,a7cKhHnEcCE,307368,3844,37,907000
2025-06-01 01:11,Entertainment,UCoC-ZGuPCvJJrbcz9eMW8zw,@GABEEGIRL,er5uRCS9zGw,1831445,32576,266,907000
2025-06-01 01:11,Entertainment,UCoC-ZGuPCvJJrbcz9eMW8zw,@GABEEGIRL,NsbG5khnwx4,999212,17360,163,907000
2025-06-01 01:11,Entertainment,UCoC-ZGuPCvJJrbcz9eMW8zw,@GABEEGIRL,PVL-jPouvrU,977362,21852,194,907000
2025-06-01 01:11,Entertainment,UCu9BCtGIEr73LXZsKmoujKw,@bokyemtv,I1CUkyuQMXc,514160,16704,2003,15800000
2025-06-01 01:11,Entertainment,UCu9BCtGIEr73LXZsKmoujKw,@bokyemtv,ZZL2mWnjcuA,787561,20819,1858,15800000
2025-06-01 01:11,Entertainment,UCu9BCtGIEr73LXZsKmoujKw,@bokyemtv,APtFRlvvpiU,2569679,54778,13542,15800000
2025-06-01 01:11,Entertainment,UCu9BCtGIEr73LXZsKmoujKw,@bokyemtv,UXab36aBjoE,1987120,42759,13754,15800000
2025-06-01 01:11,Entertainment,UCyNHdF4hMxHUFSsPbY24p6A,@미미미누,S9D5e8bluGY,14239,154,3,1820000
2025-06-01 01:11,Entertainment,UCyNHdF4hMxHUFSsPbY24p6A,@미미미누,lSTEvD7PwTs,10409,112,2,1820000
2025-06-01 01:11,Entertainment,UCyNHdF4hMxHUFSsPbY24p6A,@미미미누,Of1ziSMtrNk,9605,150,2,1820000
2025-06-01 01:11,Entertainment,UCyNHdF4hMxHUFSsPbY24p6A,@미미미누,VJogDDNNm5s,23910,231,5,1820000
2025-06-01 01:11,Entertainment,UCyNHdF4hMxHUFSsPbY24p6A,@미미미누,KZqHqlmvcSI,111472,1844,66,1820000
2025-06-01 01:11,Entertainment,UCyNHdF4hMxHUFSsPbY24p6A,@미미미누,dubqoftl-88,129943,1527,13,1820000
2025-06-01 01:11,Entertainment,UCyNHdF4hMxHUFSsPbY24p6A,@미미미누,cPG0FBv161w,109538,1512,26,1820000
2025-06-01 01:11,Entertainment,UCyNHdF4hMxHUFSsPbY24p6A,@미미미누,7vvTgoB5YMY,37585,253,9,1820000
2025-06-01 01:11,Entertainment,UCyNHdF4hMxHUFSsPbY24p6A,@미미미누,X_AWJcPzY_0,147828,1647,139,1820000
2025-06-01 01:11,Entertainment,UCyNHdF4hMxHUFSsPbY24p6A,@미미미누,OxD1pjd3vkA,31056,286,4,1820000
2025-06-01 01:11,Entertainment,UCQ2O-iftmnlfrBuNsUUTofQ,@15ya_egg,mAcLX2fqx6A,15951,454,27,7020000
2025-06-01 01:11,Entertainment,UCQ2O-iftmnlfrBuNsUUTofQ,@15ya_egg,IWrEv5RFnKM,140429,4878,428,7020000
2025-06-01 01:11,Entertainment,UCQ2O-iftmnlfrBuNsUUTofQ,@15ya_egg,iUnWP0eONYs,58709,1152,10,7020000
2025-06-01 01:11,Entertainment,UCQ2O-iftmnlfrBuNsUUTofQ,@15ya_egg,WgpFlNVaOOk,74231,1704,12,7020000
2025-06-01 01:11,Entertainment,UCQ2O-iftmnlfrBuNsUUTofQ,@15ya_egg,dcXn0vRqh0E,31798,1351,11,7020000
2025-06-01 01:11,Entertainment,UCQ2O-iftmnlfrBuNsUUTofQ,@15ya_egg,a1yJbt2QRjg,123351,2013,12,7020000
2025-06-01 01:11,Entertainment,UCQ2O-iftmnlfrBuNsUUTofQ,@15ya_egg,9439IHVy-9A,65700,823,43,7020000
2025-06-01 01:11,Entertainment,UCQ2O-iftmnlfrBuNsUUTofQ,@15ya_egg,GlZG257zj_k,35760,295,8,7020000
2025-06-01 01:11,Entertainment,UCQ2O-iftmnlfrBuNsUUTofQ,@15ya_egg,WZBtXGuBO1U,61270,497,10,7020000
2025-06-01 01:11,Entertainment,UCQ2O-iftmnlfrBuNsUUTofQ,@15ya_egg,glUljD0SQzM,33280,388,7,7020000
2025-06-01 01:11,Gaming,UCw1DsweY9b2AKGjV4kGJP1A,@LCK,yZ1Opg-Rk6Y,23293,0,31,1530000
2025-06-01 01:11,Gaming,UCw1DsweY9b2AKGjV4kGJP1A,@LCK,UhVZvCaHhow,9554,0,13,1530000
2025-06-01 01:11,Gaming,UCw1DsweY9b2AKGjV4kGJP1A,@LCK,ABHO-wBiu9Q,1004144,0,17,1530000
2025-06-01 01:11,Gaming,UCw1DsweY9b2AKGjV4kGJP1A,@LCK,AWRbPrZ1D0U,11382,0,84,1530000
2025-06-01 01:11,Gaming,UCw1DsweY9b2AKGjV4kGJP1A,@LCK,C_E5K4RD3XQ,30923,0,179,1530000
2025-06-01 01:11,Gaming,UCw1DsweY9b2AKGjV4kGJP1A,@LCK,vz479GyGz6s,80004,0,178,1530000
2025-06-01 01:11,Gaming,UCw1DsweY9b2AKGjV4kGJP1A,@LCK,DgThCSKwT4M,14782,0,32,1530000
2025-06-01 01:11,Gaming,UCw1DsweY9b2AKGjV4kGJP1A,@LCK,JUM6vPhwkv8,13662,0,51,1530000
2025-06-01 01:11,Gaming,UCw1DsweY9b2AKGjV4kGJP1A,@LCK,SWffakVS7_A,43069,0,154,1530000
2025-06-01 01:11,Gaming,UCw1DsweY9b2AKGjV4kGJP1A,@LCK,9UI3wWjqlWk,27111,0,67,1530000
2025-06-01 01:11,Gaming,UCdrBnBNLsN4_cH32HWbr9qg,@GH.S,8su1qaATQqk,4795112,115588,270,24900000
2025-06-01 01:11,Gaming,UCdrBnBNLsN4_cH32HWbr9qg,@GH.S,wTqLjlxZvjw,3943471,107437,1786,24900000
2025-06-01 01:11,Gaming,UCdrBnBNLsN4_cH32HWbr9qg,@GH.S,75TTfBlmQ0A,2326887,31851,408,24900000
2025-06-01 01:11,Gaming,UCdrBnBNLsN4_cH32HWbr9qg,@GH.S,sneJc9YSfLM,6904836,133676,554,24900000
2025-06-01 01:11,Gaming,UCdrBnBNLsN4_cH32HWbr9qg,@GH.S,w6tLdmBTCY0,7432492,136481,318,24900000
2025-06-01 01:11,Gaming,UCdrBnBNLsN4_cH32HWbr9qg,@GH.S,dnf6z5CqiW4,5870343,103963,967,24900000
2025-06-01 01:11,Gaming,UCdrBnBNLsN4_cH32HWbr9qg,@GH.S,WjK6xIdo9Yo,79101453,1806900,6048,24900000
2025-06-01 01:11,Gaming,UCdrBnBNLsN4_cH32HWbr9qg,@GH.S,xzQZ68v97Ss,15265893,255843,2110,24900000
2025-06-01 01:11,Gaming,UCdrBnBNLsN4_cH32HWbr9qg,@GH.S,rfe8IPhEv90,25699707,615887,2496,24900000
2025-06-01 01:11,Gaming,UCdrBnBNLsN4_cH32HWbr9qg,@GH.S,gmrWMrbR7CE,18649994,291088,1872,24900000
2025-06-01 01:11,Gaming,UCl402YYy7RcH7PBI3npmGPQ,@두치와뿌꾸,RaOfVBgbCqI,8887,106,51,865000
2025-06-01 01:11,Gaming,UCl402YYy7RcH7PBI3npmGPQ,@두치와뿌꾸,3OWgO5vskcE,90181,3093,25,865000
2025-06-01 01:11,Gaming,UCl402YYy7RcH7PBI3npmGPQ,@두치와뿌꾸,8WJVtuLlGMw,50333,513,166,865000
2025-06-01 01:11,Gaming,UCl402YYy7RcH7PBI3npmGPQ,@두치와뿌꾸,zh7hfVhxu6M,51683,463,111,865000
2025-06-01 01:11,Gaming,UCl402YYy7RcH7PBI3npmGPQ,@두치와뿌꾸,-B8qBvFJQj4,123145,906,277,865000
2025-06-01 01:11,Gaming,UCl402YYy7RcH7PBI3npmGPQ,@두치와뿌꾸,A9vjKzdNGWk,74343,430,101,865000
2025-06-01 01:11,Gaming,UCl402YYy7RcH7PBI3npmGPQ,@두치와뿌꾸,d4iCyS1WuUE,114331,803,233,865000
2025-06-01 01:11,Gaming,UCl402YYy7RcH7PBI3npmGPQ,@두치와뿌꾸,3aQ77W4KkbQ,43440,268,87,865000
2025-06-01 01:11,Gaming,UCl402YYy7RcH7PBI3npmGPQ,@두치와뿌꾸,Wc_wo-g642g,140972,972,197,865000
2025-06-01 01:11,Gaming,UCl402YYy7RcH7PBI3npmGPQ,@두치와뿌꾸,FeQRiypAPbs,150739,846,129,865000
2025-06-01 01:11,Gaming,UCSzHok6X5qXEO7cjvVnE62g,@pray94,t0SSVLsuWv0,55314,761,133,657000
2025-06-01 01:11,Gaming,UCSzHok6X5qXEO7cjvVnE62g,@pray94,finmgdutjLw,7190,78,8,657000
2025-06-01 01:11,Gaming,UCSzHok6X5qXEO7cjvVnE62g,@pray94,Eb5vX1yl6qg,12443,96,13,657000
2025-06-01 01:11,Gaming,UCSzHok6X5qXEO7cjvVnE62g,@pray94,ao5NYMdeoRo,109926,973,24,657000
2025-06-01 01:11,Gaming,UCSzHok6X5qXEO7cjvVnE62g,@pray94,Z7IjwqINKJ4,79187,354,47,657000
2025-06-01 01:11,Gaming,UCSzHok6X5qXEO7cjvVnE62g,@pray94,TIUaGlH5LnI,37658,206,33,657000
2025-06-01 01:11,Gaming,UCSzHok6X5qXEO7cjvVnE62g,@pray94,bBXHDnpl96w,283576,3469,63,657000
2025-06-01 01:11,Gaming,UCSzHok6X5qXEO7cjvVnE62g,@pray94,vZT9jEgqsxA,24024,148,21,657000
2025-06-01 01:11,Gaming,UCSzHok6X5qXEO7cjvVnE62g,@pray94,Epc-rhBxuDs,55178,282,35,657000
2025-06-01 01:11,Gaming,UCSzHok6X5qXEO7cjvVnE62g,@pray94,4nPrUgcouq4,208366,1513,51,657000
2025-06-01 01:11,Gaming,UCN5oT4zGJX-_H6pE5isAEeg,@군림보,YkK_XikPAHs,127973,3525,384,1460000
2025-06-01 01:11,Gaming,UCN5oT4zGJX-_H6pE5isAEeg,@군림보,w50WUGjwGHU,314309,6740,611,1460000
2025-06-01 01:11,Gaming,UCN5oT4zGJX-_H6pE5isAEeg,@군림보,-CzpXC825Qs,100344,1883,116,1460000
2025-06-01 01:11,Gaming,UCN5oT4zGJX-_H6pE5isAEeg,@군림보,fS88ClUxg60,732328,9820,1295,1460000
2025-06-01 01:11,Gaming,UCN5oT4zGJX-_H6pE5isAEeg,@군림보,zPVOcMNTe08,439665,5157,511,1460000
2025-06-01 01:11,Gaming,UCN5oT4zGJX-_H6pE5isAEeg,@군림보,4AYmVSDt0fw,81126,1172,48,1460000
2025-06-01 01:11,Gaming,UCN5oT4zGJX-_H6pE5isAEeg,@군림보,1dKPU6PXE6Y,365004,7078,663,1460000
2025-06-01 01:11,Gaming,UCN5oT4zGJX-_H6pE5isAEeg,@군림보,3lYbuZzcwmk,591003,8131,971,1460000
2025-06-01 01:11,Gaming,UCN5oT4zGJX-_H6pE5isAEeg,@군림보,jpa-ZTtJV_4,487710,7492,394,1460000
2025-06-01 01:11,Gaming,UCN5oT4zGJX-_H6pE5isAEeg,@군림보,2tg5KiaTJRw,664040,7505,486,1460000
2025-06-01 01:11,Science,UCj-MI9DaXgAz412O9ybQ9WA,@이과형,7Ma9RodiBrI,488332,5874,321,611000
2025-06-01 01:11,Science,UCj-MI9DaXgAz412O9ybQ9WA,@이과형,TN6WgOR-R-Q,61108,651,55,611000
2025-06-01 01:11,Science,UCj-MI9DaXgAz412O9ybQ9WA,@이과형,X2NdiuXRdoM,113150,1141,91,611000
2025-06-01 01:11,Science,UCj-MI9DaXgAz412O9ybQ9WA,@이과형,2RudjJaBeco,141852,1291,85,611000
2025-06-01 01:11,Science,UCj-MI9DaXgAz412O9ybQ9WA,@이과형,i7ms1N_33AM,34395,432,53,611000
2025-06-01 01:11,Science,UCj-MI9DaXgAz412O9ybQ9WA,@이과형,aTa1iaNfW9U,211418,2828,160,611000
2025-06-01 01:11,Science,UCj-MI9DaXgAz412O9ybQ9WA,@이과형,QQa5TBMlHow,342786,5211,468,611000
2025-06-01 01:11,Science,UCj-MI9DaXgAz412O9ybQ9WA,@이과형,CMjSWOOwWNY,364720,9797,779,611000
2025-06-01 01:11,Science,UCj-MI9DaXgAz412O9ybQ9WA,@이과형,SLF-iRjwZik,131823,3150,100,611000
2025-06-01 01:11,Science,UCj-MI9DaXgAz412O9ybQ9WA,@이과형,WjyADV2nq9c,349932,8027,277,611000
2025-06-01 01:11,Science,UCwajXTjsIZsXrZkfVk_uY9w,@scoopknowledge,fiEGm-U0RIs,267,11,0,26
2025-06-01 01:11,Science,UCwajXTjsIZsXrZkfVk_uY9w,@scoopknowledge,jKlZgzG-XDM,71,4,0,26
2025-06-01 01:11,Science,UCwajXTjsIZsXrZkfVk_uY9w,@scoopknowledge,L2Rdz01c28c,63,4,0,26
2025-06-01 01:11,Science,UCwajXTjsIZsXrZkfVk_uY9w,@scoopknowledge,KdsluhPJYb0,108,8,0,26
2025-06-01 01:11,Science,UCSLrpBAzr-ROVGHQ5EmxnUg,@codingapple,6kug2Lmlbiw,172727,4333,370,371000
2025-06-01 01:11,Science,UCSLrpBAzr-ROVGHQ5EmxnUg,@codingapple,IYAHieM4iZE,230398,5452,827,371000
2025-06-01 01:11,Science,UCSLrpBAzr-ROVGHQ5EmxnUg,@codingapple,udDmL5UkI5s,475545,8689,422,371000
2025-06-01 01:11,Science,UCSLrpBAzr-ROVGHQ5EmxnUg,@codingapple,r7kU1OoUEQg,300315,3692,85,371000
2025-06-01 01:11,Science,UCSLrpBAzr-ROVGHQ5EmxnUg,@codingapple,qiVMK3luOV8,96238,2321,263,371000
2025-06-01 01:11,Science,UCSLrpBAzr-ROVGHQ5EmxnUg,@codingapple,4Xze-DEGN7c,199749,5204,639,371000
2025-06-01 01:11,Science,UCSLrpBAzr-ROVGHQ5EmxnUg,@codingapple,KZwV6dOfNuE,184902,4193,327,371000
2025-06-01 01:11,Science,UCSLrpBAzr-ROVGHQ5EmxnUg,@codingapple,l31iJI3XnlE,340559,4714,276,371000
2025-06-01 01:11,Science,UCSLrpBAzr-ROVGHQ5EmxnUg,@codingapple,K4gXtzmXt8k,405777,4646,289,371000
2025-06-01 01:11,Science,UCSLrpBAzr-ROVGHQ5EmxnUg,@codingapple,LJqa1sJoDe0,205364,3866,473,371000
2025-06-01 01:11,Science,UCiFYUP4_TI70yCkkVJAlxoA,@ebs.science - 사이언스,9Tcry58_vqY,26400,926,115,1120000
2025-06-01 01:11,Science,UCiFYUP4_TI70yCkkVJAlxoA,@ebs.science - 사이언스,Ka8vLAM9bK0,2228,65,0,1120000
2025-06-01 01:11,Science,UCiFYUP4_TI70yCkkVJAlxoA,@ebs.science - 사이언스,Esnrkrse26o,5465,123,18,1120000
2025-06-01 01:11,Science,UCiFYUP4_TI70yCkkVJAlxoA,@ebs.science - 사이언스,LN1hr80NyX4,306389,5261,452,1120000
2025-06-01 01:11,Science,UCZdBJIbJz0P9xyFipgOj1fA,@YTNSC,ZnvNTNy91Mg,1771,9,1,784000
2025-06-01 01:11,Science,UCZdBJIbJz0P9xyFipgOj1fA,@YTNSC,ug3mJZBZCN8,6964,103,2,784000
2025-06-01 01:11,Science,UCZdBJIbJz0P9xyFipgOj1fA,@YTNSC,8fDKFjGanUQ,1809,14,1,784000
2025-06-01 01:11,Science,UCZdBJIbJz0P9xyFipgOj1fA,@YTNSC,PSIhESoB3p0,2465,30,0,784000
2025-06-01 01:11,Science,UCZdBJIbJz0P9xyFipgOj1fA,@YTNSC,tARNO2mn-gI,1775,16,2,784000
2025-06-01 01:11,Science,UCZdBJIbJz0P9xyFipgOj1fA,@YTNSC,19NWBJNOfKU,9856,44,0,784000
2025-06-01 01:11,Science,UCZdBJIbJz0P9xyFipgOj1fA,@YTNSC,W_GRvU9uljo,3462,39,0,784000
2025-06-01 01:11,Science,UCZdBJIbJz0P9xyFipgOj1fA,@YTNSC,Tg3kQ7Xi1Zg,3731,42,3,784000
2025-06-01 01:11,Science,UCZdBJIbJz0P9xyFipgOj1fA,@YTNSC,3KW4E9R1Fo0,385,9,5,784000
2025-06-01 01:11,Science,UCZdBJIbJz0P9xyFipgOj1fA,@YTNSC,rUHgO7L-FV8,9103,44,0,784000
2025-06-01 01:11,Pet,UCuKbAWuSG9F_UEF2Xngbq0A,@miso_ara,iEUypnw3flc,47268,1961,65,4440000
2025-06-01 01:11,Pet,UCuKbAWuSG9F_UEF2Xngbq0A,@miso_ara,UchXoYpMWc8,83377,1789,57,4440000
2025-06-01 01:11,Pet,UCuKbAWuSG9F_UEF2Xngbq0A,@miso_ara,dJy7j2FvFSI,27767,1041,55,4440000
2025-06-01 01:11,Pet,UCuKbAWuSG9F_UEF2Xngbq0A,@miso_ara,rUuQ8kgLNlg,27842,1269,93,4440000
2025-06-01 01:11,Pet,UCuKbAWuSG9F_UEF2Xngbq0A,@miso_ara,wQs6cD4yY88,199119,5443,137,4440000
2025-06-01 01:11,Pet,UCuKbAWuSG9F_UEF2Xngbq0A,@miso_ara,5QEmfOy7zVA,81580,2358,58,4440000
2025-06-01 01:11,Pet,UCuKbAWuSG9F_UEF2Xngbq0A,@miso_ara,C3TimTwxWGI,171324,3406,79,4440000
2025-06-01 01:11,Pet,UCuKbAWuSG9F_UEF2Xngbq0A,@miso_ara,kr_lzAz-ujA,129069,2714,58,4440000
2025-06-01 01:11,Pet,UCuKbAWuSG9F_UEF2Xngbq0A,@miso_ara,AMAgfT7OsT0,30812,878,85,4440000
2025-06-01 01:11,Pet,UCuKbAWuSG9F_UEF2Xngbq0A,@miso_ara,TvymuJrYqMU,134403,2889,64,4440000
2025-06-01 01:11,Pet,UCee1MvXr6E8qC_d2WEYTU5g,@Bodeumofficial,m03ppvsCfno,86515,3148,189,2130000
2025-06-01 01:11,Pet,UCee1MvXr6E8qC_d2WEYTU5g,@Bodeumofficial,jCfk80HlJjs,45988,1098,12,2130000
2025-06-01 01:11,Pet,UCee1MvXr6E8qC_d2WEYTU5g,@Bodeumofficial,q7c3r_RPkjc,184367,2701,72,2130000
2025-06-01 01:11,Pet,UCee1MvXr6E8qC_d2WEYTU5g,@Bodeumofficial,ZbyZZ17JA8Q,47112,918,9,2130000
2025-06-01 01:11,Pet,UCee1MvXr6E8qC_d2WEYTU5g,@Bodeumofficial,HfeoPM0C5-Y,453275,7477,419,2130000
2025-06-01 01:11,Pet,UCee1MvXr6E8qC_d2WEYTU5g,@Bodeumofficial,e2B_dWEq7sM,851360,12507,257,2130000
2025-06-01 01:11,Pet,UCee1MvXr6E8qC_d2WEYTU5g,@Bodeumofficial,IiS_e0foFX8,65643,902,26,2130000
2025-06-01 01:11,Pet,UCee1MvXr6E8qC_d2WEYTU5g,@Bodeumofficial,49LiYX6yCdE,254159,5468,208,2130000
2025-06-01 01:11,Pet,UCee1MvXr6E8qC_d2WEYTU5g,@Bodeumofficial,tcsrIOfeYo8,151272,2086,40,2130000
2025-06-01 01:11,Pet,UCee1MvXr6E8qC_d2WEYTU5g,@Bodeumofficial,uLNsCFMoaR0,115117,2384,48,2130000
2025-06-01 01:11,Pet,UC0zVOxvxiFlvelR59C_sUzQ,@oneroomcat,ovQsh6x9jJs,183409,15132,1266,135000
2025-06-01 01:11,Pet,UC0zVOxvxiFlvelR59C_sUzQ,@oneroomcat,VpK0j4_neMQ,3586206,68520,1096,135000
2025-06-01 01:11,Pet,UC0zVOxvxiFlvelR59C_sUzQ,@oneroomcat,kY0qjQBPyek,46124,2951,133,135000
2025-06-01 01:11,Pet,UC0zVOxvxiFlvelR59C_sUzQ,@oneroomcat,FlsnhFYc-58,151113,3584,48,135000
2025-06-01 01:11,Pet,UC0zVOxvxiFlvelR59C_sUzQ,@oneroomcat,xWb4-hQsT4M,210923,9460,650,135000
2025-06-01 01:11,Pet,UC0zVOxvxiFlvelR59C_sUzQ,@oneroomcat,bYRNDNoxqsE,126231,6437,318,135000
2025-06-01 01:11,Pet,UC0zVOxvxiFlvelR59C_sUzQ,@oneroomcat,FidRi7IeACw,237689,4547,65,135000
2025-06-01 01:11,Pet,UC0zVOxvxiFlvelR59C_sUzQ,@oneroomcat,1NIqBn1gZeY,66227,3617,251,135000
2025-06-01 01:11,Pet,UC0zVOxvxiFlvelR59C_sUzQ,@oneroomcat,n7rwml-zW5Y,1856594,22881,738,135000
2025-06-01 01:11,Pet,UC0zVOxvxiFlvelR59C_sUzQ,@oneroomcat,ITRaXyk-67E,286036,10705,142,135000
2025-06-01 01:11,Pet,UC5AAf4_zZxk-mCl46TogZQQ,@meow_dad,2VfRyg2TCss,156811,5135,59,1040000
2025-06-01 01:11,Pet,UC5AAf4_zZxk-mCl46TogZQQ,@meow_dad,PDQBlN8PnsI,98572,2728,71,1040000
2025-06-01 01:11,Pet,UC5AAf4_zZxk-mCl46TogZQQ,@meow_dad,Rr4DWrRE3Dk,81237,1778,120,1040000
2025-06-01 01:11,Pet,UC5AAf4_zZxk-mCl46TogZQQ,@meow_dad,B40RyxKD9Wo,198206,4098,88,1040000
2025-06-01 01:11,Pet,UC5AAf4_zZxk-mCl46TogZQQ,@meow_dad,vyJlBZlF4Kg,302875,6259,153,1040000
2025-06-01 01:11,Pet,UC5AAf4_zZxk-mCl46TogZQQ,@meow_dad,Gt_wAwvvQo4,310801,10582,124,1040000
2025-06-01 01:11,Pet,UC5AAf4_zZxk-mCl46TogZQQ,@meow_dad,esTGB59nQx8,728305,21886,442,1040000
2025-06-01 01:11,Pet,UC5AAf4_zZxk-mCl46TogZQQ,@meow_dad,i59l2uzFZBg,903642,13179,148,1040000
2025-06-01 01:11,Pet,UC5AAf4_zZxk-mCl46TogZQQ,@meow_dad,3FfdnpNZPnY,1561469,38993,1014,1040000
2025-06-01 01:11,Pet,UC5AAf4_zZxk-mCl46TogZQQ,@meow_dad,hYHAis8CNjU,3488397,54107,1191,1040000
2025-06-01 01:11,Pet,UCVvPi6vztLioOiuEg5JYavw,@timon_sns,WcznsWODtjM,34121,1810,55,405000
2025-06-01 01:11,Pet,UCVvPi6vztLioOiuEg5JYavw,@timon_sns,DGKD0LLzMLM,54172,3152,101,405000
2025-06-01 01:11,Pet,UCVvPi6vztLioOiuEg5JYavw,@timon_sns,GiaVQnXRXBg,370667,16163,1858,405000
2025-06-01 01:11,Pet,UCVvPi6vztLioOiuEg5JYavw,@timon_sns,8AnDn2I9LnU,200498,9976,407,405000
2025-06-01 01:11,Pet,UCVvPi6vztLioOiuEg5JYavw,@timon_sns,37-UWih5grg,112520,4802,125,405000
2025-06-01 01:11,Pet,UCVvPi6vztLioOiuEg5JYavw,@timon_sns,qM7y6Z3Ygpo,1250735,19506,975,405000
2025-06-01 01:11,Pet,UCVvPi6vztLioOiuEg5JYavw,@timon_sns,bpwPM6b0suI,350263,4608,17,405000
2025-06-01 01:11,Pet,UCVvPi6vztLioOiuEg5JYavw,@timon_sns,dEXlRnbcxUU,118556,4375,74,405000
2025-06-01 01:11,Pet,UCVvPi6vztLioOiuEg5JYavw,@timon_sns,fb5_T-IZ3-U,116155,4305,72,405000
2025-06-01 01:11,Pet,UCVvPi6vztLioOiuEg5JYavw,@timon_sns,G93U3qX18-0,287414,11786,99,405000
2025-06-01 16:00,Entertainment,UCUj6rrhMTR9pipbAWBAMvUQ,@ChimChakMan_Official,YjjqlQXcWn8,256471,3189,207,2820000
2025-06-01 16:00,Entertainment,UCUj6rrhMTR9pipbAWBAMvUQ,@ChimChakMan_Official,gc5JJ5U20qI,392111,4513,130,2820000
2025-06-01 16:00,Entertainment,UCUj6rrhMTR9pipbAWBAMvUQ,@ChimChakMan_Official,SQSD3Udfbms,368581,4346,522,2820000
2025-06-01 16:00,Entertainment,UCUj6rrhMTR9pipbAWBAMvUQ,@ChimChakMan_Official,vFo-mlDDeZU,232293,3476,94,2820000
2025-06-01 16:00,Entertainment,UCUj6rrhMTR9pipbAWBAMvUQ,@ChimChakMan_Official,mCyRrs9-uVg,426377,4701,1017,2820000
2025-06-01 16:00,Entertainment,UCUj6rrhMTR9pipbAWBAMvUQ,@ChimChakMan_Official,f-MUiV3t12o,365893,4129,185,2820000
2025-06-01 16:00,Entertainment,UCUj6rrhMTR9pipbAWBAMvUQ,@ChimChakMan_Official,jFnqv3nq778,633975,11051,1166,2820000
2025-06-01 16:00,Entertainment,UCUj6rrhMTR9pipbAWBAMvUQ,@ChimChakMan_Official,Leo9VKXKBzg,562230,7877,364,2820000
2025-06-01 16:00,Entertainment,UCUj6rrhMTR9pipbAWBAMvUQ,@ChimChakMan_Official,uqNAYYTNJq8,409079,4402,713,2820000
2025-06-01 16:00,Entertainment,UCUj6rrhMTR9pipbAWBAMvUQ,@ChimChakMan_Official,kSqvA9_2rVI,2885700,34368,428,2820000
2025-06-01 16:00,Entertainment,UCoC-ZGuPCvJJrbcz9eMW8zw,@GABEEGIRL,_IW_KNNpFYY,22217,491,13,908000
2025-06-01 16:00,Entertainment,UCoC-ZGuPCvJJrbcz9eMW8zw,@GABEEGIRL,RWHK2IxNfoQ,15780,508,11,908000
2025-06-01 16:00,Entertainment,UCoC-ZGuPCvJJrbcz9eMW8zw,@GABEEGIRL,kye-1EcF9D0,17887,442,10,908000
2025-06-01 16:00,Entertainment,UCoC-ZGuPCvJJrbcz9eMW8zw,@GABEEGIRL,yUZrJUCyAoE,70516,1498,29,908000
2025-06-01 16:00,Entertainment,UCoC-ZGuPCvJJrbcz9eMW8zw,@GABEEGIRL,HqzIDWRzYYg,305074,6177,57,908000
2025-06-01 16:00,Entertainment,UCoC-ZGuPCvJJrbcz9eMW8zw,@GABEEGIRL,0H8Vsc-yHb4,409867,10856,111,908000
2025-06-01 16:00,Entertainment,UCoC-ZGuPCvJJrbcz9eMW8zw,@GABEEGIRL,0I7iDfE9ppA,159877,4041,46,908000
2025-06-01 16:00,Entertainment,UCoC-ZGuPCvJJrbcz9eMW8zw,@GABEEGIRL,0OHf8KxGLow,355931,9626,847,908000
2025-06-01 16:00,Entertainment,UCoC-ZGuPCvJJrbcz9eMW8zw,@GABEEGIRL,WV4dLwKJrTQ,507852,6940,51,908000
2025-06-01 16:00,Entertainment,UCoC-ZGuPCvJJrbcz9eMW8zw,@GABEEGIRL,a7cKhHnEcCE,313710,3894,37,908000
2025-06-01 16:00,Entertainment,UCu9BCtGIEr73LXZsKmoujKw,@bokyemtv,I1CUkyuQMXc,1398470,26223,2812,15800000
2025-06-01 16:00,Entertainment,UCu9BCtGIEr73LXZsKmoujKw,@bokyemtv,ZZL2mWnjcuA,824782,21709,1901,15800000
2025-06-01 16:00,Entertainment,UCu9BCtGIEr73LXZsKmoujKw,@bokyemtv,APtFRlvvpiU,2638585,55470,13622,15800000
2025-06-01 16:00,Entertainment,UCu9BCtGIEr73LXZsKmoujKw,@bokyemtv,UXab36aBjoE,2004280,42983,13783,15800000
2025-06-01 16:00,Entertainment,UCyNHdF4hMxHUFSsPbY24p6A,@미미미누,4wYgwQmOwMk,4996,74,1,1820000
2025-06-01 16:00,Entertainment,UCyNHdF4hMxHUFSsPbY24p6A,@미미미누,S9D5e8bluGY,32923,233,4,1820000
2025-06-01 16:00,Entertainment,UCyNHdF4hMxHUFSsPbY24p6A,@미미미누,lSTEvD7PwTs,17896,159,3,1820000
2025-06-01 16:00,Entertainment,UCyNHdF4hMxHUFSsPbY24p6A,@미미미누,Of1ziSMtrNk,20630,211,4,1820000
2025-06-01 16:00,Entertainment,UCyNHdF4hMxHUFSsPbY24p6A,@미미미누,VJogDDNNm5s,26718,249,5,1820000
2025-06-01 16:00,Entertainment,UCyNHdF4hMxHUFSsPbY24p6A,@미미미누,KZqHqlmvcSI,121299,1963,69,1820000
2025-06-01 16:00,Entertainment,UCyNHdF4hMxHUFSsPbY24p6A,@미미미누,dubqoftl-88,231697,2503,20,1820000
2025-06-01 16:00,Entertainment,UCyNHdF4hMxHUFSsPbY24p6A,@미미미누,cPG0FBv161w,170411,2186,35,1820000
2025-06-01 16:00,Entertainment,UCyNHdF4hMxHUFSsPbY24p6A,@미미미누,7vvTgoB5YMY,38752,264,9,1820000
2025-06-01 16:00,Entertainment,UCyNHdF4hMxHUFSsPbY24p6A,@미미미누,X_AWJcPzY_0,153585,1684,143,1820000
2025-06-01 16:00,Entertainment,UCQ2O-iftmnlfrBuNsUUTofQ,@15ya_egg,_upxFj_I72s,18101,1193,19,7030000
2025-06-01 16:00,Entertainment,UCQ2O-iftmnlfrBuNsUUTofQ,@15ya_egg,6i0Q0H599hs,32641,1976,29,7030000
2025-06-01 16:00,Entertainment,UCQ2O-iftmnlfrBuNsUUTofQ,@15ya_egg,mAcLX2fqx6A,21986,542,32,7030000
2025-06-01 16:00,Entertainment,UCQ2O-iftmnlfrBuNsUUTofQ,@15ya_egg,IWrEv5RFnKM,202803,5829,463,7030000
2025-06-01 16:00,Entertainment,UCQ2O-iftmnlfrBuNsUUTofQ,@15ya_egg,iUnWP0eONYs,76958,1503,17,7030000
2025-06-01 16:00,Entertainment,UCQ2O-iftmnlfrBuNsUUTofQ,@15ya_egg,WgpFlNVaOOk,97890,2226,17,7030000
2025-06-01 16:00,Entertainment,UCQ2O-iftmnlfrBuNsUUTofQ,@15ya_egg,dcXn0vRqh0E,41993,1658,12,7030000
2025-06-01 16:00,Entertainment,UCQ2O-iftmnlfrBuNsUUTofQ,@15ya_egg,a1yJbt2QRjg,184653,2667,13,7030000
2025-06-01 16:00,Entertainment,UCQ2O-iftmnlfrBuNsUUTofQ,@15ya_egg,9439IHVy-9A,75807,896,44,7030000
2025-06-01 16:00,Entertainment,UCQ2O-iftmnlfrBuNsUUTofQ,@15ya_egg,GlZG257zj_k,38861,321,10,7030000
2025-06-01 16:00,Gaming,UCw1DsweY9b2AKGjV4kGJP1A,@LCK,KriqHtxobUU,341,0,7,1530000
2025-06-01 16:00,Gaming,UCw1DsweY9b2AKGjV4kGJP1A,@LCK,xxojh0rsxQE,4668,0,42,1530000
2025-06-01 16:00,Gaming,UCw1DsweY9b2AKGjV4kGJP1A,@LCK,yZ1Opg-Rk6Y,100526,0,55,1530000
2025-06-01 16:00,Gaming,UCw1DsweY9b2AKGjV4kGJP1A,@LCK,UhVZvCaHhow,33863,0,21,1530000
2025-06-01 16:00,Gaming,UCw1DsweY9b2AKGjV4kGJP1A,@LCK,ABHO-wBiu9Q,1017604,0,24,1530000
2025-06-01 16:00,Gaming,UCw1DsweY9b2AKGjV4kGJP1A,@LCK,wqb69E5kk2U,85660,0,351,1530000
2025-06-01 16:00,Gaming,UCw1DsweY9b2AKGjV4kGJP1A,@LCK,AWRbPrZ1D0U,21022,0,114,1530000
2025-06-01 16:00,Gaming,UCw1DsweY9b2AKGjV4kGJP1A,@LCK,C_E5K4RD3XQ,62869,0,233,1530000
2025-06-01 16:00,Gaming,UCw1DsweY9b2AKGjV4kGJP1A,@LCK,vz479GyGz6s,139345,0,209,1530000
2025-06-01 16:00,Gaming,UCw1DsweY9b2AKGjV4kGJP1A,@LCK,DgThCSKwT4M,26388,0,39,1530000
2025-06-01 16:00,Gaming,UCfm0AXrDy-35i8BJc3WUpUg,@GH.S,cNPUzC4YwuQ,418,7,4,29
2025-06-01 16:00,Gaming,UCfm0AXrDy-35i8BJc3WUpUg,@GH.S,EdiR1MKxaUc,1090,4,0,29
2025-06-01 16:00,Gaming,UCfm0AXrDy-35i8BJc3WUpUg,@GH.S,S3upfRoOOfU,130,4,0,29
2025-06-01 16:00,Gaming,UCfm0AXrDy-35i8BJc3WUpUg,@GH.S,L4eBavX03DU,123,6,0,29
2025-06-01 16:00,Gaming,UCfm0AXrDy-35i8BJc3WUpUg,@GH.S,emfSgWeqEiM,124,5,1,29
2025-06-01 16:00,Gaming,UCfm0AXrDy-35i8BJc3WUpUg,@GH.S,gPwxLlrTnCE,276,11,0,29
2025-06-01 16:00,Gaming,UCfm0AXrDy-35i8BJc3WUpUg,@GH.S,5pzzdjwGEbk,144,10,4,29
2025-06-01 16:00,Gaming,UCfm0AXrDy-35i8BJc3WUpUg,@GH.S,cCV4o_EVPDg,366,10,1,29
2025-06-01 16:00,Gaming,UCfm0AXrDy-35i8BJc3WUpUg,@GH.S,PRgSc6aoCaE,213,8,3,29
2025-06-01 16:00,Gaming,UCfm0AXrDy-35i8BJc3WUpUg,@GH.S,L4K21TURMO8,4241,34,27,29
2025-06-01 16:00,Gaming,UCl402YYy7RcH7PBI3npmGPQ,@두치와뿌꾸,N9KMWu4tol8,15449,174,72,865000
2025-06-01 16:00,Gaming,UCl402YYy7RcH7PBI3npmGPQ,@두치와뿌꾸,u1NhLRoCwvY,125387,834,238,865000
2025-06-01 16:00,Gaming,UCl402YYy7RcH7PBI3npmGPQ,@두치와뿌꾸,RaOfVBgbCqI,85667,486,126,865000
2025-06-01 16:00,Gaming,UCl402YYy7RcH7PBI3npmGPQ,@두치와뿌꾸,3OWgO5vskcE,400151,6385,33,865000
2025-06-01 16:00,Gaming,UCl402YYy7RcH7PBI3npmGPQ,@두치와뿌꾸,8WJVtuLlGMw,101652,734,184,865000
2025-06-01 16:00,Gaming,UCl402YYy7RcH7PBI3npmGPQ,@두치와뿌꾸,zh7hfVhxu6M,79549,561,116,865000
2025-06-01 16:00,Gaming,UCl402YYy7RcH7PBI3npmGPQ,@두치와뿌꾸,-B8qBvFJQj4,145058,992,286,865000
2025-06-01 16:00,Gaming,UCl402YYy7RcH7PBI3npmGPQ,@두치와뿌꾸,A9vjKzdNGWk,77356,439,102,865000
2025-06-01 16:00,Gaming,UCl402YYy7RcH7PBI3npmGPQ,@두치와뿌꾸,d4iCyS1WuUE,122451,846,238,865000
2025-06-01 16:00,Gaming,UCl402YYy7RcH7PBI3npmGPQ,@두치와뿌꾸,3aQ77W4KkbQ,45733,275,88,865000
2025-06-01 16:00,Gaming,UCSzHok6X5qXEO7cjvVnE62g,@pray94,t0SSVLsuWv0,204009,1600,235,657000
2025-06-01 16:00,Gaming,UCSzHok6X5qXEO7cjvVnE62g,@pray94,finmgdutjLw,18690,121,10,657000
2025-06-01 16:00,Gaming,UCSzHok6X5qXEO7cjvVnE62g,@pray94,Eb5vX1yl6qg,23554,144,16,657000
2025-06-01 16:00,Gaming,UCSzHok6X5qXEO7cjvVnE62g,@pray94,ao5NYMdeoRo,155749,1266,30,657000
2025-06-01 16:00,Gaming,UCSzHok6X5qXEO7cjvVnE62g,@pray94,Z7IjwqINKJ4,89168,381,51,657000
2025-06-01 16:00,Gaming,UCSzHok6X5qXEO7cjvVnE62g,@pray94,TIUaGlH5LnI,43254,230,35,657000
2025-06-01 16:00,Gaming,UCSzHok6X5qXEO7cjvVnE62g,@pray94,bBXHDnpl96w,339377,4214,76,657000
2025-06-01 16:00,Gaming,UCSzHok6X5qXEO7cjvVnE62g,@pray94,vZT9jEgqsxA,24836,151,21,657000
2025-06-01 16:00,Gaming,UCSzHok6X5qXEO7cjvVnE62g,@pray94,Epc-rhBxuDs,56380,289,35,657000
2025-06-01 16:00,Gaming,UCSzHok6X5qXEO7cjvVnE62g,@pray94,4nPrUgcouq4,225713,1663,53,657000
2025-06-01 16:00,Gaming,UCN5oT4zGJX-_H6pE5isAEeg,@군림보,QoMZk_PSOm8,59493,1605,430,1460000
2025-06-01 16:00,Gaming,UCN5oT4zGJX-_H6pE5isAEeg,@군림보,Gl4tPVTzWYA,119319,2332,425,1460000
2025-06-01 16:00,Gaming,UCN5oT4zGJX-_H6pE5isAEeg,@군림보,YkK_XikPAHs,358581,5387,693,1460000
2025-06-01 16:00,Gaming,UCN5oT4zGJX-_H6pE5isAEeg,@군림보,w50WUGjwGHU,627556,9896,745,1460000
2025-06-01 16:00,Gaming,UCN5oT4zGJX-_H6pE5isAEeg,@군림보,-CzpXC825Qs,139329,2252,136,1460000
2025-06-01 16:00,Gaming,UCN5oT4zGJX-_H6pE5isAEeg,@군림보,fS88ClUxg60,931469,11529,1445,1460000
2025-06-01 16:00,Gaming,UCN5oT4zGJX-_H6pE5isAEeg,@군림보,zPVOcMNTe08,656146,6475,628,1460000
2025-06-01 16:00,Gaming,UCN5oT4zGJX-_H6pE5isAEeg,@군림보,4AYmVSDt0fw,90142,1262,50,1460000
2025-06-01 16:00,Gaming,UCN5oT4zGJX-_H6pE5isAEeg,@군림보,1dKPU6PXE6Y,401666,7607,688,1460000
2025-06-01 16:00,Gaming,UCN5oT4zGJX-_H6pE5isAEeg,@군림보,3lYbuZzcwmk,851219,9889,1091,1460000
2025-06-01 16:00,Science,UCj-MI9DaXgAz412O9ybQ9WA,@이과형,7Ma9RodiBrI,757349,7971,429,612000
2025-06-01 16:00,Science,UCj-MI9DaXgAz412O9ybQ9WA,@이과형,TN6WgOR-R-Q,68354,724,57,612000
2025-06-01 16:00,Science,UCj-MI9DaXgAz412O9ybQ9WA,@이과형,X2NdiuXRdoM,132222,1254,99,612000
2025-06-01 16:00,Science,UCj-MI9DaXgAz412O9ybQ9WA,@이과형,2RudjJaBeco,145050,1316,90,612000
2025-06-01 16:00,Science,UCj-MI9DaXgAz412O9ybQ9WA,@이과형,i7ms1N_33AM,35622,443,53,612000
2025-06-01 16:00,Science,UCj-MI9DaXgAz412O9ybQ9WA,@이과형,aTa1iaNfW9U,240183,3099,171,612000
2025-06-01 16:00,Science,UCj-MI9DaXgAz412O9ybQ9WA,@이과형,QQa5TBMlHow,347010,5247,470,612000
2025-06-01 16:00,Science,UCj-MI9DaXgAz412O9ybQ9WA,@이과형,CMjSWOOwWNY,365824,9823,783,612000
2025-06-01 16:00,Science,UCj-MI9DaXgAz412O9ybQ9WA,@이과형,SLF-iRjwZik,132366,3156,100,612000
2025-06-01 16:00,Science,UCj-MI9DaXgAz412O9ybQ9WA,@이과형,WjyADV2nq9c,351684,8099,279,612000
2025-06-01 16:00,Science,UCwajXTjsIZsXrZkfVk_uY9w,@scoopknowledge,fiEGm-U0RIs,267,11,0,26
2025-06-01 16:00,Science,UCwajXTjsIZsXrZkfVk_uY9w,@scoopknowledge,jKlZgzG-XDM,71,4,0,26
2025-06-01 16:00,Science,UCwajXTjsIZsXrZkfVk_uY9w,@scoopknowledge,L2Rdz01c28c,63,4,0,26
2025-06-01 16:00,Science,UCwajXTjsIZsXrZkfVk_uY9w,@scoopknowledge,KdsluhPJYb0,108,8,0,26
2025-06-01 16:00,Science,UCSLrpBAzr-ROVGHQ5EmxnUg,@codingapple,6kug2Lmlbiw,174932,4380,372,371000
2025-06-01 16:00,Science,UCSLrpBAzr-ROVGHQ5EmxnUg,@codingapple,IYAHieM4iZE,233149,5481,835,371000
2025-06-01 16:00,Science,UCSLrpBAzr-ROVGHQ5EmxnUg,@codingapple,udDmL5UkI5s,476455,8700,421,371000
2025-06-01 16:00,Science,UCSLrpBAzr-ROVGHQ5EmxnUg,@codingapple,r7kU1OoUEQg,301013,3699,85,371000
2025-06-01 16:00,Science,UCSLrpBAzr-ROVGHQ5EmxnUg,@codingapple,qiVMK3luOV8,96397,2322,263,371000
2025-06-01 16:00,Science,UCSLrpBAzr-ROVGHQ5EmxnUg,@codingapple,4Xze-DEGN7c,199853,5205,639,371000
2025-06-01 16:00,Science,UCSLrpBAzr-ROVGHQ5EmxnUg,@codingapple,KZwV6dOfNuE,185084,4195,327,371000
2025-06-01 16:00,Science,UCSLrpBAzr-ROVGHQ5EmxnUg,@codingapple,l31iJI3XnlE,340760,4717,276,371000
2025-06-01 16:00,Science,UCSLrpBAzr-ROVGHQ5EmxnUg,@codingapple,K4gXtzmXt8k,405955,4648,289,371000
2025-06-01 16:00,Science,UCSLrpBAzr-ROVGHQ5EmxnUg,@codingapple,LJqa1sJoDe0,205541,3868,473,371000
2025-06-01 16:00,Science,UCiFYUP4_TI70yCkkVJAlxoA,@ebs.science - 사이언스,9Tcry58_vqY,67934,1583,200,1120000
2025-06-01 16:00,Science,UCiFYUP4_TI70yCkkVJAlxoA,@ebs.science - 사이언스,Ka8vLAM9bK0,2389,69,0,1120000
2025-06-01 16:00,Science,UCiFYUP4_TI70yCkkVJAlxoA,@ebs.science - 사이언스,LN1hr80NyX4,316715,5424,453,1120000
2025-06-01 16:00,Science,UCZdBJIbJz0P9xyFipgOj1fA,@YTNSC,FdV3uX3iFW0,1071,8,0,785000
2025-06-01 16:00,Science,UCZdBJIbJz0P9xyFipgOj1fA,@YTNSC,AU0zMzPzt2s,10252,118,4,785000
2025-06-01 16:00,Science,UCZdBJIbJz0P9xyFipgOj1fA,@YTNSC,t1WD9lpCcMA,2670,38,2,785000
2025-06-01 16:00,Science,UCZdBJIbJz0P9xyFipgOj1fA,@YTNSC,ZnvNTNy91Mg,4435,17,1,785000
2025-06-01 16:00,Science,UCZdBJIbJz0P9xyFipgOj1fA,@YTNSC,9bKu3SZuXRQ,15096,117,7,785000
2025-06-01 16:00,Science,UCZdBJIbJz0P9xyFipgOj1fA,@YTNSC,ug3mJZBZCN8,8298,120,2,785000
2025-06-01 16:00,Science,UCZdBJIbJz0P9xyFipgOj1fA,@YTNSC,8fDKFjGanUQ,2260,14,1,785000
2025-06-01 16:00,Science,UCZdBJIbJz0P9xyFipgOj1fA,@YTNSC,PSIhESoB3p0,3365,34,0,785000
2025-06-01 16:00,Science,UCZdBJIbJz0P9xyFipgOj1fA,@YTNSC,tARNO2mn-gI,2093,18,2,785000
2025-06-01 16:00,Science,UCZdBJIbJz0P9xyFipgOj1fA,@YTNSC,19NWBJNOfKU,12325,50,0,785000
2025-06-01 16:00,Pet,UCuKbAWuSG9F_UEF2Xngbq0A,@miso_ara,iEUypnw3flc,52259,2065,65,4440000
2025-06-01 16:00,Pet,UCuKbAWuSG9F_UEF2Xngbq0A,@miso_ara,UchXoYpMWc8,86682,1827,58,4440000
2025-06-01 16:00,Pet,UCuKbAWuSG9F_UEF2Xngbq0A,@miso_ara,dJy7j2FvFSI,28649,1067,55,4440000
2025-06-01 16:00,Pet,UCuKbAWuSG9F_UEF2Xngbq0A,@miso_ara,rUuQ8kgLNlg,29066,1289,94,4440000
2025-06-01 16:00,Pet,UCuKbAWuSG9F_UEF2Xngbq0A,@miso_ara,wQs6cD4yY88,202924,5498,137,4440000
2025-06-01 16:00,Pet,UCuKbAWuSG9F_UEF2Xngbq0A,@miso_ara,5QEmfOy7zVA,82818,2382,58,4440000
2025-06-01 16:00,Pet,UCuKbAWuSG9F_UEF2Xngbq0A,@miso_ara,C3TimTwxWGI,173113,3422,79,4440000
2025-06-01 16:00,Pet,UCuKbAWuSG9F_UEF2Xngbq0A,@miso_ara,kr_lzAz-ujA,130130,2725,58,4440000
2025-06-01 16:00,Pet,UCuKbAWuSG9F_UEF2Xngbq0A,@miso_ara,AMAgfT7OsT0,31020,880,85,4440000
2025-06-01 16:00,Pet,UCuKbAWuSG9F_UEF2Xngbq0A,@miso_ara,TvymuJrYqMU,135537,2894,65,4440000
2025-06-01 16:00,Pet,UCee1MvXr6E8qC_d2WEYTU5g,@Bodeumofficial,m03ppvsCfno,113552,3770,227,2130000
2025-06-01 16:00,Pet,UCee1MvXr6E8qC_d2WEYTU5g,@Bodeumofficial,jCfk80HlJjs,55001,1214,13,2130000
2025-06-01 16:00,Pet,UCee1MvXr6E8qC_d2WEYTU5g,@Bodeumofficial,q7c3r_RPkjc,266213,3369,84,2130000
2025-06-01 16:00,Pet,UCee1MvXr6E8qC_d2WEYTU5g,@Bodeumofficial,ZbyZZ17JA8Q,53844,1000,10,2130000
2025-06-01 16:00,Pet,UCee1MvXr6E8qC_d2WEYTU5g,@Bodeumofficial,HfeoPM0C5-Y,461715,7558,422,2130000
2025-06-01 16:00,Pet,UCee1MvXr6E8qC_d2WEYTU5g,@Bodeumofficial,e2B_dWEq7sM,853921,12538,257,2130000
2025-06-01 16:00,Pet,UCee1MvXr6E8qC_d2WEYTU5g,@Bodeumofficial,IiS_e0foFX8,65981,904,26,2130000
2025-06-01 16:00,Pet,UCee1MvXr6E8qC_d2WEYTU5g,@Bodeumofficial,49LiYX6yCdE,254498,5473,209,2130000
2025-06-01 16:00,Pet,UCee1MvXr6E8qC_d2WEYTU5g,@Bodeumofficial,tcsrIOfeYo8,151671,2088,40,2130000
2025-06-01 16:00,Pet,UCee1MvXr6E8qC_d2WEYTU5g,@Bodeumofficial,uLNsCFMoaR0,115661,2391,48,2130000
2025-06-01 16:00,Pet,UC0zVOxvxiFlvelR59C_sUzQ,@oneroomcat,ovQsh6x9jJs,355079,20505,1611,138000
2025-06-01 16:00,Pet,UC0zVOxvxiFlvelR59C_sUzQ,@oneroomcat,VpK0j4_neMQ,4063592,74336,1176,138000
2025-06-01 16:00,Pet,UC0zVOxvxiFlvelR59C_sUzQ,@oneroomcat,kY0qjQBPyek,51624,3080,136,138000
2025-06-01 16:00,Pet,UC0zVOxvxiFlvelR59C_sUzQ,@oneroomcat,FlsnhFYc-58,182642,4087,62,138000
2025-06-01 16:00,Pet,UC0zVOxvxiFlvelR59C_sUzQ,@oneroomcat,xWb4-hQsT4M,254652,10546,711,138000
2025-06-01 16:00,Pet,UC0zVOxvxiFlvelR59C_sUzQ,@oneroomcat,bYRNDNoxqsE,165723,7313,365,138000
2025-06-01 16:00,Pet,UC0zVOxvxiFlvelR59C_sUzQ,@oneroomcat,FidRi7IeACw,250968,4710,69,138000
2025-06-01 16:00,Pet,UC0zVOxvxiFlvelR59C_sUzQ,@oneroomcat,1NIqBn1gZeY,67639,3644,255,138000
2025-06-01 16:00,Pet,UC0zVOxvxiFlvelR59C_sUzQ,@oneroomcat,n7rwml-zW5Y,1887146,23135,745,138000
2025-06-01 16:00,Pet,UC0zVOxvxiFlvelR59C_sUzQ,@oneroomcat,ITRaXyk-67E,295472,10896,142,138000
2025-06-01 16:00,Pet,UC5AAf4_zZxk-mCl46TogZQQ,@meow_dad,UJ4jfiXekJo,8912,401,9,1040000
2025-06-01 16:00,Pet,UC5AAf4_zZxk-mCl46TogZQQ,@meow_dad,2VfRyg2TCss,256861,6703,67,1040000
2025-06-01 16:00,Pet,UC5AAf4_zZxk-mCl46TogZQQ,@meow_dad,PDQBlN8PnsI,124414,3116,79,1040000
2025-06-01 16:00,Pet,UC5AAf4_zZxk-mCl46TogZQQ,@meow_dad,Rr4DWrRE3Dk,86706,1848,122,1040000
2025-06-01 16:00,Pet,UC5AAf4_zZxk-mCl46TogZQQ,@meow_dad,B40RyxKD9Wo,206777,4211,89,1040000
2025-06-01 16:00,Pet,UC5AAf4_zZxk-mCl46TogZQQ,@meow_dad,vyJlBZlF4Kg,328818,6605,156,1040000
2025-06-01 16:00,Pet,UC5AAf4_zZxk-mCl46TogZQQ,@meow_dad,Gt_wAwvvQo4,326097,10935,124,1040000
2025-06-01 16:00,Pet,UC5AAf4_zZxk-mCl46TogZQQ,@meow_dad,esTGB59nQx8,734518,22005,442,1040000
2025-06-01 16:00,Pet,UC5AAf4_zZxk-mCl46TogZQQ,@meow_dad,i59l2uzFZBg,915580,13301,147,1040000
2025-06-01 16:00,Pet,UC5AAf4_zZxk-mCl46TogZQQ,@meow_dad,3FfdnpNZPnY,1567933,39220,1017,1040000
2025-06-01 16:00,Pet,UCVvPi6vztLioOiuEg5JYavw,@timon_sns,BnuYEPLsVA4,8073,1326,51,405000
2025-06-01 16:00,Pet,UCVvPi6vztLioOiuEg5JYavw,@timon_sns,WcznsWODtjM,35050,1832,57,405000
2025-06-01 16:00,Pet,UCVvPi6vztLioOiuEg5JYavw,@timon_sns,DGKD0LLzMLM,55013,3176,103,405000
2025-06-01 16:00,Pet,UCVvPi6vztLioOiuEg5JYavw,@timon_sns,GiaVQnXRXBg,373021,16218,1867,405000
2025-06-01 16:00,Pet,UCVvPi6vztLioOiuEg5JYavw,@timon_sns,8AnDn2I9LnU,200973,9998,408,405000
2025-06-01 16:00,Pet,UCVvPi6vztLioOiuEg5JYavw,@timon_sns,37-UWih5grg,112683,4808,125,405000
2025-06-01 16:00,Pet,UCVvPi6vztLioOiuEg5JYavw,@timon_sns,qM7y6Z3Ygpo,1253026,19532,975,405000
2025-06-01 16:00,Pet,UCVvPi6vztLioOiuEg5JYavw,@timon_sns,bpwPM6b0suI,350652,4609,17,405000
2025-06-01 16:00,Pet,UCVvPi6vztLioOiuEg5JYavw,@timon_sns,dEXlRnbcxUU,118681,4376,74,405000
2025-06-01 16:00,Pet,UCVvPi6vztLioOiuEg5JYavw,@timon_sns,fb5_T-IZ3-U,116355,4308,73,405000
